year,Ms Alison Patricia Mutch OBE,Ms Mary Hassell,Ms Nadia Persaud,Mr Professor John S Pollard,Mr Tom Osborne,Mrs Jacqueline F Lake,Mr Andrew Cox,Mrs Louise Hunt,Mr Andrew Harris,Mr John Gittins,Mr graeme Irvine,Miss Veronica HAMILTON-DEELEY,Mr Chris Morris,Mr Kevin McLoughlin,Mr Zafar Siddique,Mrs lydia brown,Ms Joanne Kearsley,Mr Andrew Walker,Mr Andrew Adrian Haigh,Dr Fiona Jane Wilcox,Mrs Heidi Julia Connor,Mr Martin Dominic Fleming,Mrs Maria Eileen Voisin,Miss Emma Brown,Ms Lisa Jeanette Hashmi,Mrs Rachael Clare Griffin,Mr Andrew Roger Barkley,Ms Penelope Schofield,Mr Andr√© Rebello OBE,Mr Alan Wilson
2013,1,7,1,6,5,0,2,2,5,5,0,0,0,0,0,2,2,3,5,0,1,4,2,0,3,0,0,0,3,3
2014,0,18,3,31,16,13,5,6,13,12,0,9,0,2,4,7,9,14,8,10,3,7,7,0,9,0,5,2,5,7
2015,0,18,7,27,8,12,8,10,7,7,0,7,1,3,4,9,6,13,5,1,4,2,6,4,6,5,8,3,5,4
2016,1,16,9,18,9,4,6,9,7,4,0,7,0,1,8,9,6,6,2,7,5,10,1,7,5,7,11,3,4,1
2017,14,20,5,2,10,5,2,6,6,7,0,10,5,3,14,5,1,3,3,2,6,2,5,5,11,2,11,2,6,2
2018,28,14,6,2,6,1,7,8,3,3,0,10,7,8,11,4,2,2,7,7,4,10,5,9,6,4,1,2,2,4
2019,31,11,8,1,8,9,8,13,6,6,1,8,11,6,6,4,6,2,8,7,5,4,9,6,2,2,3,4,3,1
2020,24,9,11,0,5,5,7,2,5,1,11,3,8,6,1,0,0,4,7,1,1,0,1,1,0,2,0,4,2,4
2021,30,19,8,0,5,3,5,2,7,4,11,9,6,13,4,4,5,0,5,2,4,3,2,2,0,2,0,6,4,5
2022,25,10,9,0,3,13,5,3,3,4,14,0,10,7,1,6,3,4,0,3,3,2,2,3,0,5,0,3,2,1
2023,29,11,12,0,5,7,9,3,5,7,12,0,5,6,0,3,5,1,0,4,7,2,2,5,0,6,0,6,2,4
2024,34,12,9,0,4,7,9,7,1,6,14,0,9,2,2,2,7,0,0,5,5,2,4,1,0,6,2,6,1,3
